{"stats":{"minecraft:killed":{"minecraft:spider":1},"minecraft:custom":{"minecraft:jump":43,"minecraft:time_since_rest":352,"minecraft:leave_game":1,"minecraft:deaths":1,"minecraft:damage_dealt":324,"minecraft:crouch_one_cm":62,"minecraft:sprint_one_cm":2603,"minecraft:play_time":1991,"minecraft:damage_taken":337,"minecraft:time_since_death":309,"minecraft:walk_one_cm":12427,"minecraft:sneak_time":7,"minecraft:total_world_time":1991,"minecraft:mob_kills":3,"minecraft:fall_one_cm":894,"minecraft:fly_one_cm":5134},"minecraft:killed_by":{"minecraft:drowned":1}},"DataVersion":3955}